id,nombre,precio,ingredientes
0,Mediana,33.19095,0;Lechuga;7.4807563|1;Tomate;1.1217983|2;Cebolla;9.716396|3;Cebolla;10.275814|4;Cebolla;4.596184
1,Grande,35.274216,5;Cebolla;8.839227|6;Cebolla;8.507171|7;Tomate;4.557696|8;Lechuga;9.033202|9;Tomate;4.3369226
2,Grande,2.4320538,10;Tomate;2.4320538
3,Grande,8.77841,11;Lechuga;8.77841
4,Pequeña,6.289523,12;Cebolla;2.2214181|13;Cebolla;4.0681047
5,Pequeña,23.647392,14;Tomate;3.0810316|15;Cebolla;5.4081693|16;Cebolla;7.659808|17;Tomate;5.3878727|18;Cebolla;2.1105094
6,Pequeña,16.864779,19;Cebolla;9.29306|20;Lechuga;7.571718
7,Mediana,6.089566,21;Cebolla;6.089566
