id,nombre,precio,ingredientes
0,Pequeña,19.962742,0;Cebolla;2.4511263|1;Tomate;6.57349|2;Lechuga;5.8832903|3;Lechuga;5.0548363
1,Pequeña,4.247267,4;Lechuga;4.247267
2,Grande,31.08464,5;Cebolla;7.3935094|6;Lechuga;10.533075|7;Tomate;3.7196283|8;Tomate;9.438426
3,Mediana,11.525377,9;Lechuga;9.219221|10;Lechuga;2.306156
4,Mediana,23.576456,11;Cebolla;3.8802764|12;Lechuga;6.663894|13;Cebolla;7.4481754|14;Cebolla;5.58411
5,Pequeña,16.04053,15;Cebolla;4.3252625|16;Tomate;5.8549304|17;Tomate;5.8603363
